Microorganism,Code,Library,Type,Selected,preset_ARChetype Disease CRF_Covid,preset_ARChetype Disease CRF_Dengue,preset_ARChetype Disease CRF_Mpox,preset_ARChetype Disease CRF_Mpox Pregnancy and Paediatric,preset_ARChetype Disease CRF_H5Nx,preset_Syndrome_VHF,preset_ARChetype Disease CRF_Mpox-Pregnancy&Paediatrics,preset_ARChetype Syndromic CRF_Arbovirus,preset_ARChetype Syndromic CRF_ARI,preset_Recommended Outcomes_Dengue,preset_User Generated CRF_Encephalitis,preset_ARChetype Disease CRF_Chikungunya,Comment,Value,Translation Reviewers
Acromobacter,91620006.0,SNOMED,bacteria,,,,,,,,,,,,,,,1,0
Achromobacter xylosoxidans,413424009.0,SNOMED,bacteria,,,,,,,,,,,,,,,2,0
Acinetobacter,7757008.0,SNOMED,bacteria,,,,,,,,,,,,,,,3,0
Acinetobacter anitratus,82550008.0,SNOMED,bacteria,,,,,,,,,,,,1.0,,,4,0
Acinetobacter baumannii,91288006.0,SNOMED,bacteria,,,,,,,,,,,,,,,5,0
Acinetobacter calcoacético,413398000.0,SNOMED,bacteria,,,,,,,,,,,,,,,6,0
Complejo Acinetobacter calcoaceticus-baumannii,113376007.0,SNOMED,bacteria,,,,,,,,,,,,,,,7,0
Acinetobacter johnsonii,252000.0,SNOMED,bacteria,,,,,,,,,,,,,,,8,0
acremonio,63996006.0,SNOMED,fungi,,,,,,,,,,,,,,,9,0
Actinomyces israelii,46369004.0,SNOMED,bacteria,,,,,,,,,,,,,,,10,0
adenovirus,424470006.0,SNOMED,virus,,,,,,,,1.0,,1.0,,1.0,,,11,0
Aeromonas,88529008.0,SNOMED,bacteria,,,,,,,,,,,,,,,12,0
agregatibacter,441718002.0,SNOMED,bacteria,,,,,,,,,,,,,,,13,0
bacterias anaerobias,59343002.0,SNOMED,bacteria,,,,,,,,,,,,,,,14,0
Ancylostoma duodenal,81559006.0,SNOMED,"parasite, helminth",,,,,,,,,,,,,,,15,0
Ortohantavirus de los Andes,442001008.0,SNOMED,virus,,,,,,,,,,,,,,,16,0
Arenaviridae,243624009.0,SNOMED,virus,,,,,,,,,,,,,,,17,0
Ascaris lumbricoides,19061001.0,SNOMED,"parasite, helminth",,,,,,,,,,,,,,,18,0
Aspergilo,2429008.0,SNOMED,fungi,,,,,,,,,,,,1.0,,,19,0
Aspergillus flavus,66821001.0,SNOMED,fungi,,,,,,,,,,,,,,,20,0
Aspergillus fumigatus,32684000.0,SNOMED,fungi,,,,,,,,,,,,,,,21,0
Complejo Aspergillus fumigatus,719029007.0,SNOMED,fungi,,,,,,,,,,,,,,,22,0
Aspergillus niger,89354002.0,SNOMED,fungi,,,,,,,,,,,,,,,23,0
Aspergillus terreus,26406003.0,SNOMED,fungi,,,,,,,,,,,,,,,24,0
Aspergillus versicolor,48315007.0,SNOMED,fungi,,,,,,,,,,,,,,,25,0
Astroviridae,424055004.0,SNOMED,virus,,,,,,,,,,,,,,,26,0
Influenza aviar A H5N1,772827006.0,SNOMED,virus,,,,,,,,,,,,,,,27,0
Influenza aviar A H7N9,609444009.0,SNOMED,virus,,,,,,,,,,,,,,,28,0
Bacilo,44762009.0,SNOMED,bacteria,,,,,,,,,,,,,,,29,0
Bacilo anthracis,21927003.0,SNOMED,bacteria,,,,,,,,,,,,,,,30,0
bacilo cereus,84408007.0,SNOMED,bacteria,,,,,,,,,,,,,,,31,0
Bacteroides fragilis,55247009.0,SNOMED,bacteria,,,,,,,,,,,,,,,32,0
Bacteroides thetaiotaomicron,34236001.0,SNOMED,bacteria,,,,,,,,,,,,,,,33,0
Blastocystis hominis,28923009.0,SNOMED,"parasite, Stramenopiles",,,,,,,,,,,,,,,34,0
Blastomyces dermatitidis,65615007.0,SNOMED,fungi,,,,,,,,,,,,,,,35,0
Bocavirus (Género),430902006.0,SNOMED,virus,,,,,,,,,,,,,,,36,0
Bordetella pertussis,5247005.0,SNOMED,bacteria,,,,,,,,,,,,,,,37,0
brugia malayo,112443002.0,SNOMED,"parasite, helminth",,,,,,,,,,,,,,,38,0
Bunyaviridae (Familia),243615000.0,SNOMED,virus,,,,,,,,,,,,,,,39,0
Burkholderia,414324002.0,SNOMED,bacteria,,,,,,,,,,,,,,,40,0
Burkholderia cenocepacia,416941006.0,SNOMED,bacteria,,,,,,,,,,,,,,,41,0
Burkholderia cepacia,113669008.0,SNOMED,bacteria,,,,,,,,,,,,,,,42,0
Burkholderia pseudomallei,116399000.0,SNOMED,bacteria,,,,,,,,,,,,,,,43,0
Caliciviridae (Familia),243627002.0,SNOMED,virus,,,,,,,,,,,,,,,44,0
Campilobacter,35408001.0,SNOMED,bacteria,,,,,,,,,,,,1.0,,,45,0
cándida,3265006.0,SNOMED,fungi,,,,,,,,,,,,1.0,,,46,0
Candida albicans,53326005.0,SNOMED,fungi,,,,,,,,,,,,,,,47,0
Candida auris,3490000000000.0,SNOMED,fungi,,,,,,,,,,,,,,,48,0
Candida dubliniensis,115952006.0,SNOMED,fungi,,,,,,,,,,,,,,,49,0
Candida glabrata,444877006.0,SNOMED,fungi,,,,,,,,,,,,,,,50,0
Candida inconspicua,283871001.0,SNOMED,fungi,,,,,,,,,,,,,,,51,0
ortopsilosis por cándida,3690000000000.0,SNOMED,fungi,,,,,,,,,,,,,,,52,0
Candida parapsilosis,61302002.0,SNOMED,fungi,,,,,,,,,,,,,,,53,0
Candida tropicalis,47885008.0,SNOMED,fungi,,,,,,,,,,,,,,,54,0
Clamidia,16241000.0,SNOMED,bacteria,,,,,,,,,,,,,,,55,0
Chlamydophila pneumoniae,103514009.0,SNOMED,bacteria,,,,,,,,,,,,,,,56,0
Chryseobacterium indologenes,113549008.0,SNOMED,bacteria,,,,,,,,,,,,,,,57,0
citrobacter,75972000.0,SNOMED,bacteria,,,,,,,,,,,,,,,58,0
Citrobacter braakii,114262000.0,SNOMED,bacteria,,,,,,,,,,,,,,,59,0
citrobacter freundii,6265002.0,SNOMED,bacteria,,,,,,,,,,,,,,,60,0
Citrobacter koseri,114264004.0,SNOMED,bacteria,,,,,,,,,,,,,,,61,0
Clavispora lusitaniae,50164000.0,SNOMED,fungi,,,,,,,,,,,,,,,62,0
Clonorchis sinensis,36559008.0,SNOMED,"parasite, helminth",,,,,,,,,,,,,,,63,0
clostridio botulínico,13080008.0,SNOMED,bacteria,,,,,,,,,,,,,,,64,0
Clostridium difficile,5933001.0,SNOMED,bacteria,,,,,,,,,,,,,,,65,0
Clostridium difficile (toxina positiva),736050006.0,SNOMED,bacteria,,,,,,,,,,,,,,,66,0
Clostridium tetani,30917009.0,SNOMED,bacteria,,,,,,,,,,,,,,,67,0
Estafilococos coagulasa negativos,116197008.0,SNOMED,bacteria,,,,,,,,,,,,1.0,,,68,0
Coccidioides,8672004.0,SNOMED,fungi,,,,,,,,,,,,,,,69,0
Coccidioides immitis,23439005.0,SNOMED,fungi,,,,,,,,,,,,,,,70,0
Bacterias coliformes,77309002.0,SNOMED,bacteria,,,,,,,,,,,,,,,71,0
Coronaviridae (Familia),243607003.0,SNOMED,virus,,,,,,,,,,,,,,,72,0
corinebacteria,77086004.0,SNOMED,bacteria,,,,,,,,,,,,,,,73,0
Corynebacterium amycolatum,113611002.0,SNOMED,bacteria,,,,,,,,,,,,,,,74,0
Corynebacterium pseudodiphtheriticum,12050008.0,SNOMED,bacteria,,,,,,,,,,,,,,,75,0
Corynebacterium pseudotuberculosis,55084001.0,SNOMED,bacteria,,,,,,,,,,,,,,,76,0
Corynebacterium estriado,63815007.0,SNOMED,bacteria,,,,,,,,,,,,,,,77,0
corynebacterium ulcerans,103428000.0,SNOMED,bacteria,,,,,,,,,,,,,,,78,0
Corynebacterium xerosis,27101006.0,SNOMED,bacteria,,,,,,,,,,,,,,,79,0
Virus de la fiebre hemorrágica de Crimea-Congo (FECH),79875007.0,SNOMED,virus,,1.0,,,,,,,,,,1.0,,,80,0
criptococo,17579001.0,SNOMED,bacteria,,,,,,,,,,,,1.0,,,81,0
Criptococo gattii,450862004.0,SNOMED,fungi,,,,,,,,,,,,,,,82,0
Criptococo neoformans,67168003.0,SNOMED,fungi,,,,,,,,,,,,,,,84,0
criptosporidio,83821001.0,SNOMED,"parasite, protozoa",,,,,,,,,,,,,,,85,0
Criptosporidio hominis,417722006.0,SNOMED,"parasite, protozoa",,,,,,,,,,,,,,,86,0
criptosporidio parvum,51504002.0,SNOMED,"parasite, protozoa",,,,,,,,,,,,,,,87,0
Curvularia lunata,33165007.0,SNOMED,fungi,,,,,,,,,,,,,,,89,0
ciclospora,103560006.0,SNOMED,"parasite, protozoa",,,,,,,,,,,,,,,90,0
Cyclospora cayetanensis,103561005.0,SNOMED,"parasite, protozoa",,,,,,,,,,,,,,,91,0
Citomegalovirus,407444007.0,SNOMED,virus,,,,,,,,,,,,1.0,,,92,0
Delftía,416493002.0,SNOMED,bacteria,,,,,,,,,,,,,,,93,0
Delftia acidovorans,20432002.0,SNOMED,bacteria,,,,,,,,,,,,,,,94,0
deltavirus,83617006.0,SNOMED,virus,,,,,,,,,,,,,,,95,0
virus del dengue,34348001.0,SNOMED,virus,,,1.0,,,,,,1.0,,1.0,,,1.0,96,0
Dermabacter,413976002.0,SNOMED,bacteria,,,,,,,,,,,,,,,97,0
difteroide,54642001.0,SNOMED,bacteria,,,,,,,,,,,,,,,98,0
Diphyllobothrium latum,40406002.0,SNOMED,"parasite, helminth",,,,,,,,,,,,,,,100,0
Dracunculus medinensis,3824001.0,SNOMED,"parasite, helminth",,,,,,,,,,,,,,,101,0
virus del ébola,424206003.0,SNOMED,virus,,1.0,,,,,,,,,,1.0,,,102,0
Echinococcus granulosus,243672005.0,SNOMED,"parasite, helminth",,,,,,,,,,,,,,,103,0
Eggerthella,414075007.0,SNOMED,bacteria,,,,,,,,,,,,,,,104,0
Elizabethkingia,426244005.0,SNOMED,bacteria,,,,,,,,,,,,,,,105,0
entamoeba,38324000.0,SNOMED,"parasite, protozoa",,,,,,,,,,,,1.0,,,106,0
Entamoeba dispar,415987008.0,SNOMED,"parasite, protozoa",,,,,,,,,,,,,,,107,0
Entamoeba histolítica,4716008.0,SNOMED,"parasite, protozoa",,,,,,,,,,,,,,,108,0
bacterias entéricas,106544002.0,SNOMED,bacteria,,,,,,,,,,,,,,,109,0
enterobacteria,58683007.0,SNOMED,bacteria,,,,,,,,,,,,1.0,,,110,0
Enterobacter aerogenes,62592009.0,SNOMED,bacteria,,,,,,,,,,,,,,,111,0
Enterobacter asburiae,33115003.0,SNOMED,bacteria,,,,,,,,,,,,,,,112,0
Enterobacter bugandensis,114000000000000.0,SNOMED,bacteria,,,,,,,,,,,,,,,113,0
Enterobacter cloacae,14385002.0,SNOMED,bacteria,,,,,,,,,,,,,,,114,0
Complejo enterobacter cloacae,414102007.0,SNOMED,bacteria,,,,,,,,,,,,,,,115,0
Enterobacter hormaechei,114454006.0,SNOMED,bacteria,,,,,,,,,,,,,,,116,0
Enterobacter kobei,114456008.0,SNOMED,bacteria,,,,,,,,,,,,,,,117,0
enterobacterias,106544002.0,SNOMED,bacteria,,,,,,,,,,,,,,,118,0
enterobio vermicularis,55008000.0,SNOMED,"parasite, helminth",,,,,,,,,,,,,,,119,0
enterococo,2785000.0,SNOMED,bacteria,,,,,,,,,,,,1.0,,,120,0
enterococo avium,87875008.0,SNOMED,bacteria,,,,,,,,,,,,,,,121,0
enterococo faecalis,78065002.0,SNOMED,bacteria,,,,,,,,,,,,,,,122,0
enterococo faecium,90272000.0,SNOMED,bacteria,,,,,,,,,,,,,,,123,0
Enterococo rafinoso,103437000.0,SNOMED,bacteria,,,,,,,,,,,,,,,124,0
Enterovirus (género Enterovirus),243633006.0,SNOMED,virus,,,,,,,,,,,,,,,125,0
epidermofiton,112403007.0,SNOMED,fungi,,,,,,,,,,,,,,,126,0
escherichia,64735005.0,SNOMED,bacteria,,,,,,,,,,,,,,,127,0
Escherichia coli,112283007.0,SNOMED,bacteria,,,,,,,,,,,,1.0,,,128,0
Exophiala dermatitidis,20586007.0,SNOMED,fungi,,,,,,,,,,,,,,,129,0
Falciformispora senegalensis (anteriormente Leptosphaeria senegalensis),48529007.0,SNOMED,fungi,,,,,,,,,,,,,,,130,0
Filoviridae (Familia),407325004.0,SNOMED,virus,,,,,,,,,,,,,,,131,0
Flaviviridae (Familia),243602009.0,SNOMED,virus,,,,,,,,,,,,1.0,,,132,0
Francisella tularensis,51526001.0,SNOMED,bacteria,,,,,,,,,,,,,,,133,0
Hongos,414561005.0,SNOMED,fungi,,,,,,,,,,,,,,,134,0
fusarium,35238009.0,SNOMED,fungi,,,,,,,,,,,,,,,135,0
Fusobacterium nucleatum,32763000.0,SNOMED,bacteria,,,,,,,,,,,,,,,136,0
género Marburgvirus,424421007.0,SNOMED,virus,,1.0,,,,,,,,,,,,,137,0
giardiana,61419001.0,SNOMED,"parasite, protozoa",,,,,,,,,,,,,,,138,0
Giardia intestinalis,78181009.0,SNOMED,"parasite, protozoa",,,,,,,,,,,,,,,139,0
Giardia lamblia,78181009.0,SNOMED,"parasite, protozoa",,,,,,,,,,,,,,,140,0
Bacilo Gram Negativo,87172008.0,SNOMED,bacteria,,,,,,,,,,,,,,,141,0
Bacilo Gram Positivo,83514008.0,SNOMED,bacteria,,,,,,,,,,,,,,,142,0
Cocos Gram positivos,59206002.0,SNOMED,bacteria,,,,,,,,,,,,,,,143,0
Granulicatella adiacens,113713009.0,SNOMED,bacteria,,,,,,,,,,,,,,,144,0
Haemophilus,71268004.0,SNOMED,bacteria,,,,,,,,,,,,,,,145,0
Haemophilus ducreyi,64889004.0,SNOMED,bacteria,,,,,,,,,,,,,,,146,0
Haemophilus influenzae,44470000.0,SNOMED,bacteria,,,,,,,,,,,,1.0,,,147,0
Haemophilus parainfluenzae,51593004.0,SNOMED,bacteria,,,,,,,,,,,,,,,148,0
Hafnia alvei,76694001.0,SNOMED,bacteria,,,,,,,,,,,,,,,149,0
hantavirus,49445003.0,SNOMED,virus,,1.0,,,,,,,,,,,,,150,0
Helicobacter pylori,80774000.0,SNOMED,bacteria,,,,,,,,,,,,,,,151,0
virus hendra,115510008.0,SNOMED,virus,,,,,,,,,,,,,,,152,0
Hepadnaviridae,422951006.0,SNOMED,virus,,,,,,,,,,,,,,,153,0
virus de la hepatitis A,32452004.0,SNOMED,virus,,,1.0,,,,,,,,,,,,154,0
virus de la hepatitis B,81665004.0,SNOMED,virus,,,1.0,,,,,1.0,,,,,,,155,0
virus de la hepatitis C,62944002.0,SNOMED,virus,,,1.0,,,,,1.0,,,,,,,156,0
virus de la hepatitis D,83617006.0,SNOMED,virus,,,,,,,,,,,,,,,157,0
virus de la hepatitis E,78475006.0,SNOMED,virus,,,,,,,,,,,,,,,158,0
Herpesviridae,128377001.0,SNOMED,virus,,,,,,,,,,,,,,,159,0
histoplasma,81951003.0,SNOMED,fungi,,,,,,,,,,,,,,,160,0
Histoplasma capsulatum,56596006.0,SNOMED,fungi,,,,,,,,,,,,,,,161,0
"Herpesvirus humano 1 (HHV1, virus del herpes simple 1, HSV1)",407451003.0,SNOMED,virus,,,,,,,,,,,,1.0,,,162,0
"Herpesvirus humano 2 (HHV2, virus del herpes simple 2, HSV2)",407450002.0,SNOMED,virus,,,,,,,,,,,,1.0,,,163,0
"Herpesvirus humano 3 (virus varicela-zoster, VZV)",19551004.0,SNOMED,virus,,,,1.0,1.0,,,1.0,,,,1.0,,,164,0
"Herpesvirus humano 4 (virus de Epstein-Barr, EBV)",40168006.0,SNOMED,virus,,,,,,,,,,,,1.0,,,165,0
"Herpesvirus humano 5 (Citomegalovirus humanobeta5, hCMV)",243579005.0,SNOMED,virus,,,,,,,,,,,,,,,166,0
Herpesvirus humano 6 (virus de la roséola infantil),103528003.0,SNOMED,virus,,,,,,,,,,,,,,,167,0
Virus de la Inmunodeficiencia Humana (VIH),19030005.0,SNOMED,virus,,,1.0,,,,,1.0,,,,,,,168,0
Virus de la inmunodeficiencia humana tipo 1 (VIH-1),89293008.0,SNOMED,virus,,,,,,,,,,,,,,,169,0
Virus de la inmunodeficiencia humana tipo 2 (VIH-2),36115006.0,SNOMED,virus,,,,,,,,,,,,,,,170,0
Metaneumovirus humano (hMPV),416730002.0,SNOMED,virus,,,,,,,,,,,,,,,171,0
Virus de la parainfluenza humana,407498006.0,SNOMED,virus,,,,,,,,,,,,,,,172,0
Virus de la parainfluenza humana 1,407489008.0,SNOMED,virus,,,,,,,,,,,,,,,173,0
Virus de la parainfluenza humana 2,407491000.0,SNOMED,virus,,,,,,,,,,,,,,,174,0
Virus de la parainfluenza humana 3,407493002.0,SNOMED,virus,,,,,,,,,,,,,,,175,0
Virus de la parainfluenza humana 4,89117003.0,SNOMED,virus,,,,,,,,,,,,,,,176,0
Parvovirus humano b19,63603005.0,SNOMED,virus,,,,,,,,,,,,,,,177,0
Virus sincitial respiratorio humano (VRS),6415009.0,SNOMED,virus,,,,,,,,,,,,,,,178,0
bocavirus humano,446373002.0,SNOMED,virus,,,,,,,,,,,,,,,179,0
Coronavirus humano,84101006.0,SNOMED,virus,,,,,,,,,,,,,,,180,0
Hymenolepis diminuta,23895005.0,SNOMED,"parasite, helminth",,,,,,,,,,,,,,,181,0
Hymenolepis nana,74311004.0,SNOMED,"parasite, helminth",,,,,,,,,,,,,,,182,0
Gripe A H1N1,442352004.0,SNOMED,virus,1.0,,,,,1.0,,,,1.0,,,,,183,0
Gripe A H5N1,772827006.0,SNOMED,virus,1.0,,,,,1.0,,,,1.0,,,,,184,0
Gripe A H5N8,708527000.0,SNOMED,virus,1.0,,,,,1.0,,,,1.0,,,,,185,0
Gripe A H7N7,715346008.0,SNOMED,virus,1.0,,,,,1.0,,,,1.0,,,,,186,0
Gripe A H7N9,609444009.0,SNOMED,virus,1.0,,,,,1.0,,,,1.0,,,,,187,0
Virus de la gripe A,407479009.0,SNOMED,virus,1.0,,,,,1.0,,,,1.0,,,,,188,0
virus de la influenza B,407480007.0,SNOMED,virus,1.0,,,,,1.0,,,,1.0,,,,,189,0
virus de la influenza,725894000.0,SNOMED,virus,1.0,,,,,1.0,,1.0,,1.0,,1.0,,,190,0
Isospora belli,12633005.0,SNOMED,"parasite, protozoa",,,,,,,,,,,,,,,191,0
Virus de la encefalitis japonesa (JEV),243603004.0,SNOMED,virus,,,,,,,,,,,,1.0,,,192,0
virus junín,26352009.0,SNOMED,virus,,,,,,,,,,,,,,,193,0
Klebsiella,75032006.0,SNOMED,bacteria,,,,,,,,,,,,1.0,,,194,0
Klebsiella aerogenes,62592009.0,SNOMED,bacteria,,,,,,,,,,,,,,,195,0
Klebsiella oxitoca,40886007.0,SNOMED,bacteria,,,,,,,,,,,,,,,196,0
Klebsiella pneumoniae,56415008.0,SNOMED,bacteria,,,,,,,,,,,,,,,197,0
"Klebsiella pneumoniae, BLEE",409801009.0,SNOMED,bacteria,,,,,,,,,,,,,,,198,0
Klebsiella varicola,431976004.0,SNOMED,bacteria,,,,,,,,,,,,,,,199,0
Lacticaseibacillus rhamnosus,113798001.0,SNOMED,bacteria,,,,,,,,,,,,,,,200,0
virus lassa,85944001.0,SNOMED,virus,,1.0,,,,,,,,,,1.0,,,201,0
Legionella,7527002.0,SNOMED,bacteria,,,,,,,,,,,,1.0,,,202,0
Legionella pneumophila,80897008.0,SNOMED,bacteria,,,,,,,,,,,,,,,203,0
Leishmania,79357004.0,SNOMED,"parasite, protozoa",,,,,,,,,,,,,,,204,0
Leishmania Viannia,712933004.0,SNOMED,"parasite, protozoa",,,,,,,,,,,,,,,205,0
Leishmania braziliensis,83196002.0,SNOMED,"parasite, protozoa",,,,,,,,,,,,,,,206,0
Complejo Leishmania braziliensis,7400004.0,SNOMED,"parasite, protozoa",,,,,,,,,,,,,,,207,0
complejo de leishmania donovani,79781008.0,SNOMED,"parasite, protozoa",,,,,,,,,,,,,,,208,0
Interrogantes de Leptospira,116401006.0,SNOMED,bacteria,,,,,,,,,,,,,,1.0,209,0
lictiemia,734206002.0,SNOMED,fungi,,,,,,,,,,,,,,,210,0
Listeria monocytogenes,36094007.0,SNOMED,bacteria,,,,,,,,,,,,,,,211,0
Lomentospora prolificans (Scedosporium prlificans),69564000.0,SNOMED,fungi,,,,,,,,,,,,,,,212,0
virus de lujo,450622000.0,SNOMED,virus,,,,,,,,,,,,,,,213,0
Virus de la coriomeningitis linfocítica (LCMV),82518003.0,SNOMED,virus,,,,,,,,,,,,,,,214,0
MERS-CoV,697932005.0,SNOMED,virus,,,,,,,,,,1.0,,1.0,,,215,0
virus machupo,71489006.0,SNOMED,virus,,1.0,,,,,,,,,,,,,216,0
madurela,23009007.0,SNOMED,fungi,,,,,,,,,,,,,,,217,0
Malassezia pachydermatis,51257000.0,SNOMED,fungi,,,,,,,,,,,,,,,218,0
Morbilivirus del sarampión,52584002.0,SNOMED,virus,,,,1.0,1.0,,,,,,,,,,219,0
Metapneumovirus,407501006.0,SNOMED,virus,,,,,,,,,,,,,,,220,0
Staphylococcus aureus resistente a la meticilina (MRSA),115329001.0,SNOMED,bacteria,,,,,,,,,,,,,,,221,0
Staphylococcus aureus sensible a la meticilina (MSSA),417943000.0,SNOMED,bacteria,,,,,,,,,,,,,,,222,0
Meyerozyma guilliermondii,29812000.0,SNOMED,fungi,,,,,,,,,,,,,,,223,0
micrococo,52864008.0,SNOMED,bacteria,,,,,,,,,,,,,,,224,0
micrococo lúteo,48299003.0,SNOMED,bacteria,,,,,,,,,,,,,,,225,0
microsporidios,418382009.0,SNOMED,"parasite, protozoa",,,,,,,,,,,,,,,226,0
microsporo,11983001.0,SNOMED,fungi,,,,,,,,,,,,,,,227,0
Síndrome respiratorio de Oriente Medio Coronavirus,697932005.0,SNOMED,virus,,,,,,,,,,,,,,,228,0
mirabilis,79589007.0,SNOMED,bacteria,,,,,,,,,,,,,,,229,0
moraxella,36361003.0,SNOMED,bacteria,,,,,,,,,,,,,,,230,0
Moraxella catarrhalis,24226003.0,SNOMED,bacteria,,,,,,,,,,,,,,,231,0
Morganela,50713005.0,SNOMED,bacteria,,,,,,,,,,,,,,,232,0
Morganella morganii,243301005.0,SNOMED,bacteria,,,,,,,,,,,,,,,233,0
virus mpox,59774002.0,SNOMED,virus,1.0,,,1.0,1.0,,,1.0,,,,,,,234,0
Mucor,49782006.0,SNOMED,fungi,,,,,,,,,,,,,,,235,0
Virus de las paperas,50384007.0,SNOMED,virus,,,,,,,,,,,,1.0,,,236,0
micobacteria,243368001.0,SNOMED,bacteria,,,,,,,,,,,,,,,237,0
micobacteria lepra,58242002.0,SNOMED,bacteria,,,,,,,,,,,,,,,238,0
micobacteria tuberculosis,113861009.0,SNOMED,bacteria,,,,,,,,,,,,,,,239,0
"Mycobacterium, no tuberculosis",110379001.0,SNOMED,bacteria,,,,,,,,,,,,,,,240,0
Micoplasma agalactiae,16377009.0,SNOMED,bacteria,,,,,,,,,,,,,,,241,0
micoplasma neumonía,58720004.0,SNOMED,bacteria,,,,,,,,,,,,,,,242,0
Necator americano,43905006.0,SNOMED,"parasite, helminth",,,,,,,,,,,,,,,243,0
Neisseria meningitidis,17872004.0,SNOMED,bacteria,,,,,,,,,,,,1.0,,,244,0
Neotestudina rosatii (Zopfia rosatii),47066009.0,SNOMED,fungi,,,,,,,,,,,,,,,245,0
virus nipah,115511007.0,SNOMED,virus,,,,,,,,,,,,1.0,,,246,0
Nocardia asteroides,30092002.0,SNOMED,bacteria,,,,,,,,,,,,,,,247,0
Nocardia brasiliensis,58970008.0,SNOMED,bacteria,,,,,,,,,,,,,,,248,0
Norovirus,407359000.0,SNOMED,virus,,,,,,,,,,,,,,,249,0
Onchocerca vólvulo,52397001.0,SNOMED,"parasite, helminth",,,,,,,,,,,,,,,250,0
Orthomyxoviridae (virus de la influenza),55014007.0,SNOMED,virus,,,,,,,,,,,,,,,251,0
virus del papiloma,243584004.0,SNOMED,virus,,,,,,,,,,,,,,,252,0
Papoviridae,243587006.0,SNOMED,virus,,,,,,,,,,,,,,,253,0
Paracoccidioides,112405000.0,SNOMED,fungi,,,,,,,,,,,,,,,254,0
Paragonimus westermani,58412002.0,SNOMED,"parasite, helminth",,,,,,,,,,,,,,,255,0
Paramixoviridae,128354001.0,SNOMED,virus,,,,,,,,,,,,,,,256,0
Parvoviridae,243587006.0,SNOMED,virus,,,,,,,,,,,,,,,257,0
Penicillium,42993004.0,SNOMED,fungi,,,,,,,,,,,,,,,258,0
Pichia kudriavzeveii,16452009.0,SNOMED,fungi,,,,,,,,,,,,,,,259,0
Picornaviridae,407344006.0,SNOMED,virus,,,,,,,,,,,,,,,260,0
Plasmodio,34706006.0,SNOMED,"parasite, protozoa",,,,,,,,,,,,,,,261,0
Plasmodium falciparum,30020004.0,SNOMED,"parasite, protozoa",,,,,,,,1.0,,,,1.0,,,262,0
Plasmodium malariae,56395006.0,SNOMED,"parasite, protozoa",,,,,,,,,,,,1.0,,,263,0
Plasmodium oval,18508006.0,SNOMED,"parasite, protozoa",,,,,,,,,,,,1.0,,,264,0
Plasmodium vivax,74746009.0,SNOMED,"parasite, protozoa",,,,,,,,1.0,,,,1.0,,,265,0
neumocistis,115987006.0,SNOMED,fungi,,,,,,,,,,,,,,,266,0
Pneumocystis jirovecii,79909001.0,SNOMED,fungi,,,,,,,,,,,,1.0,,,267,0
Enfermedades priónicas,20484008.0,SNOMED,Prions,,,,,,,,,,,,1.0,,,268,0
propionibacteria,34844008.0,SNOMED,bacteria,,,,,,,,,,,,,,,269,0
Propionibacterium acnes,39473003.0,SNOMED,bacteria,,,,,,,,,,,,,,,270,0
Proteo,50517009.0,SNOMED,bacteria,,,,,,,,,,,,,,,271,0
proteus mirabilis,73457008.0,SNOMED,bacteria,,,,,,,,,,,,,,,272,0
Proteo vulgar,45834001.0,SNOMED,bacteria,,,,,,,,,,,,,,,273,0
Providencia retgeri,14196002.0,SNOMED,bacteria,,,,,,,,,,,,,,,274,0
Providencia stuartii,1445008.0,SNOMED,bacteria,,,,,,,,,,,,,,,275,0
Pseudomonas,57032008.0,SNOMED,bacteria,,,,,,,,,,,,1.0,,,276,0
Pseudomonas aeruginosa,52499004.0,SNOMED,bacteria,,,,,,,,,,,,,,,277,0
Pseudomonas fluorescens,39289003.0,SNOMED,bacteria,,,,,,,,,,,,,,,278,0
Pseudomonas putida,68608003.0,SNOMED,bacteria,,,,,,,,,,,,,,,279,0
virus de la rabia,59881000.0,SNOMED,virus,,,,,,,,,,,,1.0,,,280,0
Raoultella,417468005.0,SNOMED,bacteria,,,,,,,,,,,,,,,281,0
Raoultella ornithinolytica,416832000.0,SNOMED,bacteria,,,,,,,,,,,,,,,282,0
Raoultella planticola,416264004.0,SNOMED,bacteria,,,,,,,,,,,,,,,283,0
Virus respiratorio sincitial (VSR),6415009.0,SNOMED,virus,,,,,,,,1.0,,1.0,,,,,284,0
Retroviridae,77622001.0,SNOMED,virus,,,,,,,,,,,,1.0,,,285,0
rabdoviridae,407326003.0,SNOMED,virus,,,,,,,,,,,,,,,286,0
rizomucor,85711000.0,SNOMED,fungi,,,,,,,,,,,,,,,287,0
Rizopus,17683005.0,SNOMED,fungi,,,,,,,,,,,,,,,288,0
Virus de la fiebre del Valle del Rift,28335002.0,SNOMED,virus,,1.0,,,,,,,,,,,,,289,0
Virus del río Ross,32458000.0,SNOMED,virus,,,,,,,,,,,,,,,290,0
Rotavirus,417542000.0,SNOMED,virus,,,,,,,,,,,,,,,291,0
virus de la rubéola,5210005.0,SNOMED,virus,,,,,,,,,,,,,,,292,0
SARS-CoV-2,840533007.0,SNOMED,virus,1.0,,,,,1.0,,1.0,,1.0,,1.0,,,293,0
SARS-CoV-2 Beta-B.1.351,840533008.0,SNOMED,virus,,,,,,,,,,,,,,,294,0
Delta del SARS-CoV-2 - B.1.617.2,840533009.0,SNOMED,virus,,,,,,,,,,,,,,,295,0
SARS-CoV-2 Eta - B.1.525,840533010.0,SNOMED,virus,,,,,,,,,,,,,,,296,0
SARS-CoV-2 Gamma - P.1,840533011.0,SNOMED,virus,,,,,,,,,,,,,,,297,0
SARS-CoV-2 Iota-B.1.526,840533012.0,SNOMED,virus,,,,,,,,,,,,,,,298,0
SARS-CoV-2 Kappa - B.1.617.1,840533013.0,SNOMED,virus,,,,,,,,,,,,,,,299,0
Omicrón SARS-CoV-2,840533014.0,SNOMED,virus,,,,,,,,,,,,,,,300,0
Omicrón SARS-CoV-2 - B.1.1.529,840533015.0,SNOMED,virus,,,,,,,,,,,,,,,301,0
SARS-CoV-2 Omicron - B.1.1.529.2 BA.2,840533016.0,SNOMED,virus,,,,,,,,,,,,,,,302,0
SARS-CoV-2 Omicron - B.1.1.529.5 BA.5,840533017.0,SNOMED,virus,,,,,,,,,,,,,,,303,0
SARS-CoV-2 Theta-P.3,840533018.0,SNOMED,virus,,,,,,,,,,,,,,,304,0
SARS-CoV-2 Zeta - P.2,840533019.0,SNOMED,virus,,,,,,,,,,,,,,,305,0
SARS-CoV-2 Alfa - B.1.1.7,840533020.0,SNOMED,virus,,,,,,,,,,,,,,,306,0
Antígeno SARS-CoV-2,840536004.0,SNOMED,virus (substance),,,,,,,,,,,,,,,307,0
Anticuerpo IgG contra el SARS-CoV-2,63000000000000.0,SNOMED,virus (substance),,,,,,,,,,,,,,,308,0
Anticuerpo IgG/IgM contra el SARS-CoV-2,840535000.0,SNOMED,virus (substance),,,,,,,,,,,,,,,309,0
Anticuerpo IgM contra el SARS-CoV-2,50600000000000.0,SNOMED,virus (substance),,,,,,,,,,,,,,,310,0
Saccharomyces cerevisiae,765320007.0,SNOMED,fungi,,,,,,,,,,,,,,,311,0
Salmonela,27268008.0,SNOMED,bacteria,,,,,,,,,,,,,,,312,0
Salmonella hirschfeldii,32488009.0,SNOMED,bacteria,,,,,,,,,,,,,,,313,0
Sapovirus,407362002.0,SNOMED,virus,,,,,,,,,,,,,,,314,0
Scedosporio,31901009.0,SNOMED,fungi,,,,,,,,,,,,,,,315,0
esquistosoma,53583001.0,SNOMED,"parasite, helminth",,,,,,,,,,,,,,,316,0
Schistosoma guineensis,,,"parasite, helminth",,,,,,,,,,,,,,,317,0
esquistosoma haematobio,3294004.0,SNOMED,"parasite, helminth",,,,,,,,,,,,,,,318,0
esquistosoma intercalatum,15685002.0,SNOMED,"parasite, helminth",,,,,,,,,,,,,,,319,0
Schistosoma japonicum,5249008.0,SNOMED,"parasite, helminth",,,,,,,,,,,,,,,320,0
esquistosoma mansoni,11168007.0,SNOMED,"parasite, helminth",,,,,,,,,,,,,,,321,0
Schistosoma mekongi,75475007.0,SNOMED,"parasite, helminth",,,,,,,,,,,,,,,322,0
Serratía,42025004.0,SNOMED,bacteria,,,,,,,,,,,,,,,323,0
Serratia liquefaciens,23787004.0,SNOMED,bacteria,,,,,,,,,,,,,,,324,0
Serratia marcescens,33522002.0,SNOMED,bacteria,,,,,,,,,,,,,,,325,0
Serratia ureílica,450416004.0,SNOMED,bacteria,,,,,,,,,,,,,,,326,0
Síndrome Respiratorio Agudo Severo Coronavirus 2,1240000000000000.0,SNOMED,virus,,,,,,,,,,,,,,,327,0
Coronavirus relacionado con el síndrome respiratorio agudo severo,415360003.0,SNOMED,virus,,,,,,,,,,,,,,,328,0
Fiebre severa con síndrome de trombocitopenia (SFTS),722401001.0,SNOMED,virus,,,,,,,,,,,,,,,329,0
Shigella,77352002.0,SNOMED,bacteria,,,,,,,,,,,,,,,330,0
Shigella boydii,55462008.0,SNOMED,bacteria,,,,,,,,,,,,,,,331,0
Shigella disenteriae,43612004.0,SNOMED,bacteria,,,,,,,,,,,,,,,332,0
Shigella flexneri,85729005.0,SNOMED,bacteria,,,,,,,,,,,,,,,333,0
Shigella sonnei,4298009.0,SNOMED,bacteria,,,,,,,,,,,,,,,334,0
Simplexvirus (Género),314797000.0,SNOMED,virus,,,,,,,,,,,,,,,335,0
Sphingomonas paucimobilis,243350004.0,SNOMED,bacteria,,,,,,,,,,,,,,,336,0
Sporothrix schenckii,32662000.0,SNOMED,fungi,,,,,,,,,,,,,,,337,0
Estafilococo,65119002.0,SNOMED,bacteria,,,,,,,,,,,,,,,338,0
Estafilococo aureus,3092008.0,SNOMED,bacteria,,,,,,,,,,,,,,,339,0
Estafilococo de la cabeza,40347003.0,SNOMED,bacteria,,,,,,,,,,,,,,,340,0
Staphylococcus caprae,76969000.0,SNOMED,bacteria,,,,,,,,,,,,,,,341,0
Estafilococo cohnii,66872005.0,SNOMED,bacteria,,,,,,,,,,,,,,,342,0
Estafilococo epidermidis,60875001.0,SNOMED,bacteria,,,,,,,,,,,,,,,343,0
Estafilococo haemolítico,83452006.0,SNOMED,bacteria,,,,,,,,,,,,,,,344,0
Estafilococo hominis,44827007.0,SNOMED,bacteria,,,,,,,,,,,,,,,345,0
Estafilococo hominis hominis,432505008.0,SNOMED,bacteria,,,,,,,,,,,,,,,346,0
Staphylococcus lugdunensis,103494005.0,SNOMED,bacteria,,,,,,,,,,,,,,,347,0
Staphylococcus pettenkoferi,428731005.0,SNOMED,bacteria,,,,,,,,,,,,,,,348,0
Staphylococcus saprophyticus,19743000.0,SNOMED,bacteria,,,,,,,,,,,,,,,349,0
Estafilococo simulans,52122005.0,SNOMED,bacteria,,,,,,,,,,,,,,,350,0
estafilococo warneri,63550006.0,SNOMED,bacteria,,,,,,,,,,,,,,,351,0
estenotrofomonas,115656007.0,SNOMED,bacteria,,,,,,,,,,,,,,,352,0
Stenotrophomonas maltofilia,113697002.0,SNOMED,bacteria,,,,,,,,,,,,,,,353,0
Estreptococo,58800005.0,SNOMED,bacteria,,,,,,,,,,,,1.0,,,354,0
Streptococcus alfa-hemolítico,60631002.0,SNOMED,bacteria,,,,,,,,,,,,,,,355,0
estreptococo anginosus,44304009.0,SNOMED,bacteria,,,,,,,,,,,,,,,356,0
Grupo Streptococcus anginosus,415597009.0,SNOMED,bacteria,,,,,,,,,,,,,,,357,0
Estreptococo beta-hemolítico,53490009.0,SNOMED,bacteria,,,,,,,,,,,,,,,358,0
Estreptococo constellatus,76199005.0,SNOMED,bacteria,,,,,,,,,,,,,,,359,0
Streptococcus disgalactiae,40812000.0,SNOMED,bacteria,,,,,,,,,,,,,,,360,0
Estreptococo gallolítico,113985000.0,SNOMED,bacteria,,,,,,,,,,,,,,,361,0
Estreptococo intermedio,62170002.0,SNOMED,bacteria,,,,,,,,,,,,,,,362,0
estreptococo mitis,57997003.0,SNOMED,bacteria,,,,,,,,,,,,,,,363,0
Estreptococo oral,19870004.0,SNOMED,bacteria,,,,,,,,,,,,,,,364,0
Streptococcus parasanguinis,113990002.0,SNOMED,bacteria,,,,,,,,,,,,,,,365,0
Estreptococo neumonía,9861002.0,SNOMED,bacteria,,,,,,,,,,,,,,,366,0
Estreptococo pyogenes,80166006.0,SNOMED,bacteria,,,,,,,,,,,,,,,367,0
Estreptococo salivario,39888004.0,SNOMED,bacteria,,,,,,,,,,,,,,,368,0
Estreptococo sanguinis,113993000.0,SNOMED,bacteria,,,,,,,,,,,,,,,369,0
Estreptococo viridans,31703004.0,SNOMED,bacteria,,,,,,,,,,,,,,,370,0
Grupo Streptococcus viridans,31703004.0,SNOMED,bacteria,,,,,,,,,,,,,,,371,0
Strongyloides stercoralis,42625000.0,SNOMED,"parasite, helminth",,,,,,,,,,,,,,,372,0
Taenia saginata,61085008.0,SNOMED,"parasite, helminth",,,,,,,,,,,,,,,373,0
Tenia solium,17966003.0,SNOMED,"parasite, helminth",,,,,,,,,,,,,,,374,0
Talaromyces marneffei,71825007.0,SNOMED,fungi,,,,,,,,,,,,,,,375,0
Togoviridae,129231002.0,SNOMED,virus,,,,,,,,,,,,,,,376,0
toxocara canis,88857009.0,SNOMED,"parasite, helminth",,,,,,,,,,,,,,,377,0
toxoplasma,61949005.0,SNOMED,"parasite, protozoa",,,,,,,,,,,,,,,378,0
Toxoplasma gondii,4649006.0,SNOMED,"parasite, protozoa",,,,,,,,,,,,1.0,,,379,0
Trichinella espiralis,16439004.0,SNOMED,"parasite, helminth",,,,,,,,,,,,,,,380,0
Tricomonas,3764006.0,SNOMED,"parasite, protozoa",,,,,,,,,,,,,,,381,0
Trichomonas vaginalis,22417000.0,SNOMED,"parasite, protozoa",,,,,,,,,,,,,,,382,0
Tricófito,88578003.0,SNOMED,fungi,,,,,,,,,,,,,,,383,0
Trichosporon asahii,243475001.0,SNOMED,fungi,,,,,,,,,,,,,,,384,0
Trichuris trichiura,5378007.0,SNOMED,"parasite, helminth",,,,,,,,,,,,,,,385,0
tripanosoma,40740003.0,SNOMED,"parasite, protozoa",,,,,,,,,,,,,,,386,0
Trypanosoma brucei gambiense,20027006.0,SNOMED,"parasite, protozoa",,,,,,,,,,,,,,,387,0
Trypanosoma brucei rhodesiense,79513002.0,SNOMED,"parasite, protozoa",,,,,,,,,,,,,,,388,0
tripanosoma cruzi,88274000.0,SNOMED,"parasite, protozoa",,,,,,,,,,,,,,,389,0
Enterococo resistente a la vancomicina (ERV),113727004.0,SNOMED,bacteria,,,,,,,,,,,,,,,390,0
Vibrio cholerae,75953000.0,SNOMED,bacteria,,,,,,,,,,,,,,,391,0
Vibrio parahaemolyticus,11736008.0,SNOMED,bacteria,,,,,,,,,,,,,,,392,0
Vibrio vulnificus,55905000.0,SNOMED,bacteria,,,,,,,,,,,,,,,393,0
Virus del Nilo Occidental,57311007.0,SNOMED,virus,,,,,,,,,,,,1.0,,,394,0
Wuchereria bancrofti,84925004.0,SNOMED,"parasite, helminth",,,,,,,,,,,,,,,395,0
Levadura,62093005.0,SNOMED,fungi,,,,,,,,,,,,,,,396,0
Yersinia pestis,54365000.0,SNOMED,bacteria,,,,,,,,,,,,,,,397,0
virus zika,50471002.0,SNOMED,virus,,,,,,,,,1.0,,,1.0,,1.0,398,0
virus chikunguña,,,virus,,,,,,,,,1.0,,,,,1.0,399,0
virus de oropouche,,,virus,,,,,,,,,1.0,,,,,,400,0